<?xml version="1.0" encoding="UTF-8"?>
<project-private xmlns="http://www.netbeans.org/ns/project-private/1">
    <editor-bookmarks xmlns="http://www.netbeans.org/ns/editor-bookmarks/2" lastBookmarkId="0"/>
    <open-files xmlns="http://www.netbeans.org/ns/projectui-open-files/2">
        <group>
            <file>file:/C:/Users/Chingi/Documents/NetBeansProjects/StructFinal/src/java/LoginForm.java</file>
            <file>file:/C:/Users/Chingi/Documents/NetBeansProjects/StructFinal/src/java/LoginAction.java</file>
            <file>file:/C:/Users/Chingi/Documents/NetBeansProjects/StructFinal/web/WEB-INF/validation.xml</file>
            <file>file:/C:/Users/Chingi/Documents/NetBeansProjects/StructFinal/web/welcomeStruts.jsp</file>
            <file>file:/C:/Users/Chingi/Documents/NetBeansProjects/StructFinal/web/WEB-INF/validator-rules.xml</file>
            <file>file:/C:/Users/Chingi/Documents/NetBeansProjects/StructFinal/web/WEB-INF/web.xml</file>
            <file>file:/C:/Users/Chingi/Documents/NetBeansProjects/StructFinal/src/java/NewStrutsAction.java</file>
            <file>file:/C:/Users/Chingi/Documents/NetBeansProjects/StructFinal/web/login.jsp</file>
            <file>file:/C:/Users/Chingi/Documents/NetBeansProjects/StructFinal/web/WEB-INF/struts-config.xml</file>
            <file>file:/C:/Users/Chingi/Documents/NetBeansProjects/StructFinal/web/index.jsp</file>
        </group>
    </open-files>
</project-private>
